{
  "project_info": {
    "project_number": "640202496325",
    "firebase_url": "https://fcmdreamforone.firebaseio.com",
    "project_id": "fcmdreamforone",
    "storage_bucket": "fcmdreamforone.appspot.com"
  },
  "client": [
    {
      "client_info": {
        "mobilesdk_app_id": "1:640202496325:android:de7880800dc7674f50462c",
        "android_client_info": {
          "package_name": "co.kr.itforone.demetory"
        }
      },
      "oauth_client": [
        {
          "client_id": "640202496325-1ahq6hqq3vnn0rgja1lf8q8egbdokess.apps.googleusercontent.com",
          "client_type": 1,
          "android_info": {
            "package_name": "co.kr.itforone.demetory",
            "certificate_hash": "9f9ae61be031d3ae7eb6e75ce0a86b3574897ca5"
          }
        },
        {
          "client_id": "640202496325-hmuihrtqg4jsiochkl91mebav4gqm0ik.apps.googleusercontent.com",
          "client_type": 1,
          "android_info": {
            "package_name": "co.kr.itforone.demetory",
            "certificate_hash": "5fc6359181f5aca32a29975a6019de1fd41b460c"
          }
        },
        {
          "client_id": "640202496325-kpqcvjqgjvc67q09usl5lt3r1h4mbri9.apps.googleusercontent.com",
          "client_type": 3
        }
      ],
      "api_key": [
        {
          "current_key": "AIzaSyBQv9XnxOlnhl7m4EwmE9OnOdok-B92tso"
        }
      ],
      "services": {
        "appinvite_service": {
          "other_platform_oauth_client": [
            {
              "client_id": "640202496325-kpqcvjqgjvc67q09usl5lt3r1h4mbri9.apps.googleusercontent.com",
              "client_type": 3
            },
            {
              "client_id": "640202496325-5kquorh15tf07d4i8q9d9obemf57toto.apps.googleusercontent.com",
              "client_type": 2,
              "ios_info": {
                "bundle_id": "co.kr.itforone.jngk2"
              }
            }
          ]
        }
      }
    },
    {
      "client_info": {
        "mobilesdk_app_id": "1:640202496325:android:a2aa2695d11a94b550462c",
        "android_client_info": {
          "package_name": "co.kr.itforone.jngk"
        }
      },
      "oauth_client": [
        {
          "client_id": "640202496325-26gs54kr4nuhipirt2s5ileci8o9qhcc.apps.googleusercontent.com",
          "client_type": 1,
          "android_info": {
            "package_name": "co.kr.itforone.jngk",
            "certificate_hash": "b7de4dd8a2f7ce05764f99df100a3658a03c09d5"
          }
        },
        {
          "client_id": "640202496325-i8qav1mips0f2mh9t9gfmkj8pjcgoc63.apps.googleusercontent.com",
          "client_type": 1,
          "android_info": {
            "package_name": "co.kr.itforone.jngk",
            "certificate_hash": "2e3f2b8b41bbd129964de580d318006b86889bd6"
          }
        },
        {
          "client_id": "640202496325-kpqcvjqgjvc67q09usl5lt3r1h4mbri9.apps.googleusercontent.com",
          "client_type": 3
        }
      ],
      "api_key": [
        {
          "current_key": "AIzaSyBQv9XnxOlnhl7m4EwmE9OnOdok-B92tso"
        }
      ],
      "services": {
        "appinvite_service": {
          "other_platform_oauth_client": [
            {
              "client_id": "640202496325-kpqcvjqgjvc67q09usl5lt3r1h4mbri9.apps.googleusercontent.com",
              "client_type": 3
            },
            {
              "client_id": "640202496325-5kquorh15tf07d4i8q9d9obemf57toto.apps.googleusercontent.com",
              "client_type": 2,
              "ios_info": {
                "bundle_id": "co.kr.itforone.jngk2"
              }
            }
          ]
        }
      }
    },
    {
      "client_info": {
        "mobilesdk_app_id": "1:640202496325:android:bcc6a5eb817d99fa50462c",
        "android_client_info": {
          "package_name": "co.kr.itforone.naimwedding"
        }
      },
      "oauth_client": [
        {
          "client_id": "640202496325-6tasd51f3n5vpg2cjrae6gtgvkjbaloe.apps.googleusercontent.com",
          "client_type": 1,
          "android_info": {
            "package_name": "co.kr.itforone.naimwedding",
            "certificate_hash": "682c842bfc7b25203beb00bc8daff05c139ecac3"
          }
        },
        {
          "client_id": "640202496325-gfk6vo5kbq8a5qfhmjv70uujbhs6uvom.apps.googleusercontent.com",
          "client_type": 1,
          "android_info": {
            "package_name": "co.kr.itforone.naimwedding",
            "certificate_hash": "2e3f2b8b41bbd129964de580d318006b86889bd6"
          }
        },
        {
          "client_id": "640202496325-kpqcvjqgjvc67q09usl5lt3r1h4mbri9.apps.googleusercontent.com",
          "client_type": 3
        }
      ],
      "api_key": [
        {
          "current_key": "AIzaSyBQv9XnxOlnhl7m4EwmE9OnOdok-B92tso"
        }
      ],
      "services": {
        "appinvite_service": {
          "other_platform_oauth_client": [
            {
              "client_id": "640202496325-kpqcvjqgjvc67q09usl5lt3r1h4mbri9.apps.googleusercontent.com",
              "client_type": 3
            },
            {
              "client_id": "640202496325-5kquorh15tf07d4i8q9d9obemf57toto.apps.googleusercontent.com",
              "client_type": 2,
              "ios_info": {
                "bundle_id": "co.kr.itforone.jngk2"
              }
            }
          ]
        }
      }
    },
    {
      "client_info": {
        "mobilesdk_app_id": "1:640202496325:android:77df6b41aa481cb050462c",
        "android_client_info": {
          "package_name": "co.kr.itforone.washi"
        }
      },
      "oauth_client": [
        {
          "client_id": "640202496325-tqs3mq0jqj8tc6l9ais33mp4pvu31f7i.apps.googleusercontent.com",
          "client_type": 1,
          "android_info": {
            "package_name": "co.kr.itforone.washi",
            "certificate_hash": "987d90a2ca7f6c15a076e431edef3f2d1a630dec"
          }
        },
        {
          "client_id": "640202496325-kpqcvjqgjvc67q09usl5lt3r1h4mbri9.apps.googleusercontent.com",
          "client_type": 3
        }
      ],
      "api_key": [
        {
          "current_key": "AIzaSyBQv9XnxOlnhl7m4EwmE9OnOdok-B92tso"
        }
      ],
      "services": {
        "appinvite_service": {
          "other_platform_oauth_client": [
            {
              "client_id": "640202496325-kpqcvjqgjvc67q09usl5lt3r1h4mbri9.apps.googleusercontent.com",
              "client_type": 3
            },
            {
              "client_id": "640202496325-5kquorh15tf07d4i8q9d9obemf57toto.apps.googleusercontent.com",
              "client_type": 2,
              "ios_info": {
                "bundle_id": "co.kr.itforone.jngk2"
              }
            }
          ]
        }
      }
    },
    {
      "client_info": {
        "mobilesdk_app_id": "1:640202496325:android:d17ba13bb151536c50462c",
        "android_client_info": {
          "package_name": "com.dreamforone.starmotos"
        }
      },
      "oauth_client": [
        {
          "client_id": "640202496325-78pojg82d0e56v41ugrp21e7l77mddhc.apps.googleusercontent.com",
          "client_type": 1,
          "android_info": {
            "package_name": "com.dreamforone.starmotos",
            "certificate_hash": "955b9fb6b0d511bd0fa22b90591d06e2b483f21c"
          }
        },
        {
          "client_id": "640202496325-kpqcvjqgjvc67q09usl5lt3r1h4mbri9.apps.googleusercontent.com",
          "client_type": 3
        }
      ],
      "api_key": [
        {
          "current_key": "AIzaSyBQv9XnxOlnhl7m4EwmE9OnOdok-B92tso"
        }
      ],
      "services": {
        "appinvite_service": {
          "other_platform_oauth_client": [
            {
              "client_id": "640202496325-kpqcvjqgjvc67q09usl5lt3r1h4mbri9.apps.googleusercontent.com",
              "client_type": 3
            },
            {
              "client_id": "640202496325-5kquorh15tf07d4i8q9d9obemf57toto.apps.googleusercontent.com",
              "client_type": 2,
              "ios_info": {
                "bundle_id": "co.kr.itforone.jngk2"
              }
            }
          ]
        }
      }
    },
    {
      "client_info": {
        "mobilesdk_app_id": "1:640202496325:android:42bb77fd77ff902e50462c",
        "android_client_info": {
          "package_name": "com.itforone.bapcar"
        }
      },
      "oauth_client": [
        {
          "client_id": "640202496325-nr51b6rihs73rkgdkvpmhqnid1eoh519.apps.googleusercontent.com",
          "client_type": 1,
          "android_info": {
            "package_name": "com.itforone.bapcar",
            "certificate_hash": "9f9ae61be031d3ae7eb6e75ce0a86b3574897ca5"
          }
        },
        {
          "client_id": "640202496325-kpqcvjqgjvc67q09usl5lt3r1h4mbri9.apps.googleusercontent.com",
          "client_type": 3
        }
      ],
      "api_key": [
        {
          "current_key": "AIzaSyBQv9XnxOlnhl7m4EwmE9OnOdok-B92tso"
        }
      ],
      "services": {
        "appinvite_service": {
          "other_platform_oauth_client": [
            {
              "client_id": "640202496325-kpqcvjqgjvc67q09usl5lt3r1h4mbri9.apps.googleusercontent.com",
              "client_type": 3
            },
            {
              "client_id": "640202496325-5kquorh15tf07d4i8q9d9obemf57toto.apps.googleusercontent.com",
              "client_type": 2,
              "ios_info": {
                "bundle_id": "co.kr.itforone.jngk2"
              }
            }
          ]
        }
      }
    },
    {
      "client_info": {
        "mobilesdk_app_id": "1:640202496325:android:2993a9e43210158e50462c",
        "android_client_info": {
          "package_name": "kr.co.itforone.happy100"
        }
      },
      "oauth_client": [
        {
          "client_id": "640202496325-nrkk0sgk34cj8nnuuisiikj6tsd1imc8.apps.googleusercontent.com",
          "client_type": 1,
          "android_info": {
            "package_name": "kr.co.itforone.happy100",
            "certificate_hash": "1d1580ba6caa7ee40a4a48fd515702dd0849d814"
          }
        },
        {
          "client_id": "640202496325-kpqcvjqgjvc67q09usl5lt3r1h4mbri9.apps.googleusercontent.com",
          "client_type": 3
        }
      ],
      "api_key": [
        {
          "current_key": "AIzaSyBQv9XnxOlnhl7m4EwmE9OnOdok-B92tso"
        }
      ],
      "services": {
        "appinvite_service": {
          "other_platform_oauth_client": [
            {
              "client_id": "640202496325-kpqcvjqgjvc67q09usl5lt3r1h4mbri9.apps.googleusercontent.com",
              "client_type": 3
            },
            {
              "client_id": "640202496325-5kquorh15tf07d4i8q9d9obemf57toto.apps.googleusercontent.com",
              "client_type": 2,
              "ios_info": {
                "bundle_id": "co.kr.itforone.jngk2"
              }
            }
          ]
        }
      }
    },
    {
      "client_info": {
        "mobilesdk_app_id": "1:640202496325:android:3c2fbe1c2859a4f450462c",
        "android_client_info": {
          "package_name": "kr.co.itforone.jangmk"
        }
      },
      "oauth_client": [
        {
          "client_id": "640202496325-04b44kn2a0303aki698elb10q6rqmc0i.apps.googleusercontent.com",
          "client_type": 1,
          "android_info": {
            "package_name": "kr.co.itforone.jangmk",
            "certificate_hash": "966afaf1bcdf7b2bb7010d80e90d4e6c28357cbc"
          }
        },
        {
          "client_id": "640202496325-mbtfn8c1jfdemhsu9dd5p1mjjp1hr32b.apps.googleusercontent.com",
          "client_type": 1,
          "android_info": {
            "package_name": "kr.co.itforone.jangmk",
            "certificate_hash": "86cebd1fff0e1799d6249eb6cc7ff7f5a31020aa"
          }
        },
        {
          "client_id": "640202496325-kpqcvjqgjvc67q09usl5lt3r1h4mbri9.apps.googleusercontent.com",
          "client_type": 3
        }
      ],
      "api_key": [
        {
          "current_key": "AIzaSyBQv9XnxOlnhl7m4EwmE9OnOdok-B92tso"
        }
      ],
      "services": {
        "appinvite_service": {
          "other_platform_oauth_client": [
            {
              "client_id": "640202496325-kpqcvjqgjvc67q09usl5lt3r1h4mbri9.apps.googleusercontent.com",
              "client_type": 3
            },
            {
              "client_id": "640202496325-5kquorh15tf07d4i8q9d9obemf57toto.apps.googleusercontent.com",
              "client_type": 2,
              "ios_info": {
                "bundle_id": "co.kr.itforone.jngk2"
              }
            }
          ]
        }
      }
    },
    {
      "client_info": {
        "mobilesdk_app_id": "1:640202496325:android:e2df825e748d490b50462c",
        "android_client_info": {
          "package_name": "kr.co.itforone.jumpingcat"
        }
      },
      "oauth_client": [
        {
          "client_id": "640202496325-aprloft78rbv63g4pccad41ckirt1pd8.apps.googleusercontent.com",
          "client_type": 1,
          "android_info": {
            "package_name": "kr.co.itforone.jumpingcat",
            "certificate_hash": "b9a67d0646d9455406753e6e23e202fa450e594c"
          }
        },
        {
          "client_id": "640202496325-kpqcvjqgjvc67q09usl5lt3r1h4mbri9.apps.googleusercontent.com",
          "client_type": 3
        }
      ],
      "api_key": [
        {
          "current_key": "AIzaSyBQv9XnxOlnhl7m4EwmE9OnOdok-B92tso"
        }
      ],
      "services": {
        "appinvite_service": {
          "other_platform_oauth_client": [
            {
              "client_id": "640202496325-kpqcvjqgjvc67q09usl5lt3r1h4mbri9.apps.googleusercontent.com",
              "client_type": 3
            },
            {
              "client_id": "640202496325-5kquorh15tf07d4i8q9d9obemf57toto.apps.googleusercontent.com",
              "client_type": 2,
              "ios_info": {
                "bundle_id": "co.kr.itforone.jngk2"
              }
            }
          ]
        }
      }
    },
    {
      "client_info": {
        "mobilesdk_app_id": "1:640202496325:android:97c8e499286c1b3150462c",
        "android_client_info": {
          "package_name": "kr.co.itforone.skmachine"
        }
      },
      "oauth_client": [
        {
          "client_id": "640202496325-racl3v7l4qu45e72mqh5o8rhkh68e42j.apps.googleusercontent.com",
          "client_type": 1,
          "android_info": {
            "package_name": "kr.co.itforone.skmachine",
            "certificate_hash": "ecb4b4bc009d2fcdd5480ff72bda5777846fc83f"
          }
        },
        {
          "client_id": "640202496325-kpqcvjqgjvc67q09usl5lt3r1h4mbri9.apps.googleusercontent.com",
          "client_type": 3
        }
      ],
      "api_key": [
        {
          "current_key": "AIzaSyBQv9XnxOlnhl7m4EwmE9OnOdok-B92tso"
        }
      ],
      "services": {
        "appinvite_service": {
          "other_platform_oauth_client": [
            {
              "client_id": "640202496325-kpqcvjqgjvc67q09usl5lt3r1h4mbri9.apps.googleusercontent.com",
              "client_type": 3
            },
            {
              "client_id": "640202496325-5kquorh15tf07d4i8q9d9obemf57toto.apps.googleusercontent.com",
              "client_type": 2,
              "ios_info": {
                "bundle_id": "co.kr.itforone.jngk2"
              }
            }
          ]
        }
      }
    },
    {
      "client_info": {
        "mobilesdk_app_id": "1:640202496325:android:3add40bd817bc08050462c",
        "android_client_info": {
          "package_name": "kr.co.itforone.waibio"
        }
      },
      "oauth_client": [
        {
          "client_id": "640202496325-u2spjp7af54ogcplk1fopaoubb2fac40.apps.googleusercontent.com",
          "client_type": 1,
          "android_info": {
            "package_name": "kr.co.itforone.waibio",
            "certificate_hash": "46c4baae0df10fc9759bef0d0cbd78358a8c412c"
          }
        },
        {
          "client_id": "640202496325-kpqcvjqgjvc67q09usl5lt3r1h4mbri9.apps.googleusercontent.com",
          "client_type": 3
        }
      ],
      "api_key": [
        {
          "current_key": "AIzaSyBQv9XnxOlnhl7m4EwmE9OnOdok-B92tso"
        }
      ],
      "services": {
        "appinvite_service": {
          "other_platform_oauth_client": [
            {
              "client_id": "640202496325-kpqcvjqgjvc67q09usl5lt3r1h4mbri9.apps.googleusercontent.com",
              "client_type": 3
            },
            {
              "client_id": "640202496325-5kquorh15tf07d4i8q9d9obemf57toto.apps.googleusercontent.com",
              "client_type": 2,
              "ios_info": {
                "bundle_id": "co.kr.itforone.jngk2"
              }
            }
          ]
        }
      }
    }
  ],
  "configuration_version": "1"
}